{"cameraMode":{"drawMode":0,"name":"Shaded","section":"Shading Mode"},"sceneLighting":true,"audioPlay":false,"sceneViewState":{"showFog":true,"showMaterialUpdate":false,"showSkybox":true,"showFlares":true,"showImageEffects":true,"showParticleSystems":true},"in2DMode":false,"pivot":{"x":-98.73728942871094,"y":0.738553524017334,"z":-65.56007385253906},"rotation":{"x":-0.10749059170484543,"y":-0.8927650451660156,"z":0.3135417103767395,"w":-0.3055016100406647},"size":9.63497543334961,"orthographic":false}