{"cameraMode":{"drawMode":0,"name":"Shaded","section":"Shading Mode"},"sceneLighting":true,"audioPlay":false,"sceneViewState":{"showFog":true,"showMaterialUpdate":false,"showSkybox":true,"showFlares":true,"showImageEffects":true,"showParticleSystems":true},"in2DMode":false,"pivot":{"x":-35.80974197387695,"y":1.837256669998169,"z":15.89708137512207},"rotation":{"x":0.009339606389403344,"y":-0.8552152514457703,"z":0.01574697345495224,"w":0.5181565880775452},"size":16.819612503051759,"orthographic":false}