{"cameraMode":{"drawMode":0,"name":"Shaded","section":"Shading Mode"},"sceneLighting":false,"audioPlay":false,"sceneViewState":{"showFog":true,"showMaterialUpdate":false,"showSkybox":true,"showFlares":true,"showImageEffects":true,"showParticleSystems":true},"in2DMode":false,"pivot":{"x":-29.947851181030275,"y":7.797416687011719,"z":20.83477783203125},"rotation":{"x":-0.02711576782166958,"y":-0.8927491903305054,"z":0.44655337929725649,"w":-0.05421646311879158},"size":10.66690731048584,"orthographic":false}